id,jg_hashing,jg_validtaion,jg_enumeration,renaming,materialize_jg,compose_query,deepcopy,validate_patterns_recall_constraint,numercial_attr_filter,rank_patterns,create_samples,get_nominal_patterns,run_f1_query,pattern_recover,create_f1_sample_jg,enumerate_all_from_nominal_patterns,number_of_jgs,valid_jgs,valid_jgs_cost_high,n_p_pass_node_rule_and_recall_thresh,n_p_pass_node_rule,user_questions,f1_sample_rate,dbname,numercial_attr_filter_method,f1_calculation_type,sample_rate_for_s,min_recall_threshold,code_version,maximum_edges,max_sample_factor,exclude_high_cost_jg,f1_min_sample_size_threshold,prov_version,user_query,total
1,0,0,0,0,0.02,0,0.01,0,1.08,0,0.01,0,0,0,0,0,1,1,0,2,2,season_name=2015-16 VS season_name=2012-13,7,nba,varclus,o,5,0.3,c921_recall_threshold,0,2,t,2000,exist,n1,1.12371301651001
2,0,0,0,0,0.02,0,0.01,0,1.08,0,0.01,0,0,0,0,0,1,1,0,2,2,season_name=2015-16 VS season_name=2012-13,7,nba,varclus,o,5,0.5,c921_recall_threshold,0,2,t,2000,exist,n1,1.12015795707703
3,0,0,0,0,0.02,0,0.01,0,1.08,0,0.01,0,0,0,0,0,1,1,0,2,2,season_name=2015-16 VS season_name=2012-13,7,nba,varclus,o,5,0.7,c921_recall_threshold,0,2,t,2000,exist,n1,1.1193311214447
4,0,0.01,0.11,0,0.1,0,0.05,0.01,5.37,0,0.03,0.03,0.01,0,0,0.01,32,5,0,12,17,season_name=2015-16 VS season_name=2012-13,7,nba,varclus,o,5,0.3,c921_recall_threshold,1,2,t,2000,exist,n1,5.72446441650391
5,0,0,0.2,0,0.1,0,0.04,0.01,5.35,0,0.03,0.03,0.01,0,0,0.01,32,5,0,10,15,season_name=2015-16 VS season_name=2012-13,7,nba,varclus,o,5,0.5,c921_recall_threshold,1,2,t,2000,exist,n1,5.79599905014038
6,0,0,0.11,0,0.1,0,0.03,0.01,5.36,0,0.03,0.03,0.01,0,0,0,32,5,0,8,13,season_name=2015-16 VS season_name=2012-13,7,nba,varclus,o,5,0.7,c921_recall_threshold,1,2,t,2000,exist,n1,5.69461798667908
7,0.18,0.14,4.32,0,0.65,0,3.63,2.65,35.76,0,0.35,3.47,4.05,0.05,0,2.05,1120,21,0,789,3182,season_name=2015-16 VS season_name=2012-13,7,nba,varclus,o,5,0.3,c921_recall_threshold,2,2,t,2000,exist,n1,57.3130779266357
8,0.18,0.14,4.28,0,0.64,0,2.18,2.42,35.52,0,0.35,3.48,3.11,0.02,0,1.9,1120,21,0,433,1545,season_name=2015-16 VS season_name=2012-13,7,nba,varclus,o,5,0.5,c921_recall_threshold,2,2,t,2000,exist,n1,54.2230689525604
9,0.18,0.14,4.33,0,1.87,0,0.91,2.35,35.8,0,0.35,3.33,2.52,0.01,0,1.85,1120,21,0,219,878,season_name=2015-16 VS season_name=2012-13,7,nba,varclus,o,5,0.7,c921_recall_threshold,2,2,t,2000,exist,n1,53.6490280628204
10,12.45,3.75,187.59,0.04,7,0.02,42.22,119.15,287.18,0.03,4.14,49.4,208.31,0.77,0,23.85,46441,128,9,9440,33973,season_name=2015-16 VS season_name=2012-13,7,nba,varclus,o,5,0.3,c921_recall_threshold,3,2,t,2000,exist,n1,945.89297413826
11,12.27,3.67,184.88,0.04,7.23,0.02,26.09,101.52,283.29,0.02,4.1,48.87,162.2,0.43,0,22.62,46441,128,9,5585,19852,season_name=2015-16 VS season_name=2012-13,7,nba,varclus,o,5,0.5,c921_recall_threshold,3,2,t,2000,exist,n1,857.266261816025
12,12.38,3.77,188.04,0.04,7.39,0.02,12.93,85.73,284.49,0.01,4.14,48.99,118.98,0.22,0,20.75,46441,128,9,2982,9426,season_name=2015-16 VS season_name=2012-13,7,nba,varclus,o,5,0.7,c921_recall_threshold,3,2,t,2000,exist,n1,787.883044481278
